Extracted:,"United Nations High Commissioner for Refugees"
"Date extracted:","17/12/2024 09:20 UTC"
"Last updated:","8 October 2024"
"Some data presented may differ from statistics published previously due to retroactive changes or the inclusion of previously unavailable data."

"Data table contains the following:","Population figures"
"Content type","End year stock population totals"
"Data quick link",
"Data definitions",https://www.unhcr.org/refugee-statistics/methodology/
"Usage licence",https://creativecommons.org/licenses/by/4.0/
"Population types included","REF,ROC,ASY,IDP,IOC,OIP,OOC,STA"
Years:,"2018,2019,2020,2021,2022,2023,2024"
Origin:,
"Country of asylum:",
Year,"Country of origin","Country of asylum","Refugees under UNHCR's mandate",Asylum-seekers,"Returned refugees","IDPs of concern to UNHCR","Returned IDPss","Stateless persons","Others of concern","Other people in need of international protection","Host Community"
2018,-,-,20359553,3501629,519321,41425168,2312926,3851981,1182756,2592947,0
2019,-,-,20414669,4148141,317181,43503362,5343793,4217774,3857179,3582202,2304506
2020,-,-,20661846,4184926,250951,48557439,3184118,4179331,3939756,3862102,4369021
2021,-,-,21327285,4616135,429234,51322623,5265622,4338192,4223095,4406432,6731133
2022,-,-,29429078,5442319,1356261,57321197,8324166,4428314,6008804,5217456,23957770
2023,-,-,31637408,6858499,1052074,63251367,5092064,4358188,5945550,5755363,26095474
2024,-,-,31956584,7996077,433527,67053895,1816387,4368258,1914686,5793723,26223399
